10000, Estiak, estiak@gmail.com
10001, Stark, stark@gmail.com
10002, Wanda, wanda@gmail.com
10003, fahim, fahim@gmail.com
10004, samira, samira@gmail.com
10005, emad, emad@gmail.com
10006, adnan, adnan@gmail.com
10007, tony, tony@gmail.com
10008, xyz, xyz@gmail.com
10009, abc, abc@gmail.com
10010, shefat, shefat@gmail.com
10011, niloy, niloy@gmail.com
10012, qqq, qqq@gmail.com